mri-1.8.7,mri-2.3.3,ruby+omr,rtl-mjit,jruby-1.7.27,jruby-9.1.13,truffleruby-0.30.2
8.28125,9.60546875,9.86328125,9.30859375,172.47265625,214.83984375,614.55078125
8.32421875,9.57421875,9.8984375,9.1640625,171.70703125,211.08203125,684.3828125
8.35546875,9.5703125,9.91796875,9.26953125,166.4375,215.046875,661.8671875
8.296875,9.6171875,9.96875,9.34375,168.76171875,207.83984375,630.33203125
8.28125,9.546875,9.9453125,9.2734375,165.85546875,206.87109375,601.90625
8.28125,9.671875,9.96875,9.29296875,170.140625,215.5546875,655.19140625
8.47265625,9.58984375,10.0234375,9.29296875,167.9921875,214.625,684.35546875
8.27734375,9.58203125,10.015625,9.28515625,172.421875,203.84765625,594.49609375
8.296875,9.66796875,9.9296875,9.28515625,171.203125,213.27734375,658.46875
8.30859375,9.66796875,9.86328125,9.32421875,168.93359375,215.4140625,661.05078125
8.359375,9.4921875,9.8515625,9.3046875,173.3828125,220.54296875,632.89453125
8.32421875,9.60546875,9.94921875,9.2109375,167.43359375,214.5625,654.9609375
8.33203125,9.6328125,9.91796875,9.3359375,175.58984375,212.8671875,596.83203125
8.2734375,9.5859375,9.9296875,9.25390625,165.71484375,217.34375,661.40625
8.28125,9.546875,10.01171875,9.2734375,168.2734375,211.9453125,663.203125
8.375,9.61328125,9.94921875,9.27734375,171.24609375,212.25,654.75
8.296875,9.62890625,9.91015625,9.21484375,169.75,200.7734375,674.21484375
8.3046875,9.58203125,9.91015625,9.28125,168.9609375,212.3046875,667.33984375
8.3203125,9.61328125,9.9453125,9.296875,171.26171875,210.859375,681.0
8.33203125,9.57421875,9.88671875,9.30078125,168.21875,211.16015625,662.0625
8.3515625,9.671875,9.88671875,9.28515625,169.91796875,218.55859375,667.11328125
8.28515625,9.5390625,9.9453125,9.296875,162.828125,214.66796875,666.85546875
8.36328125,9.66015625,9.94921875,9.30859375,171.85546875,212.37890625,663.34765625
8.27734375,9.59765625,9.83203125,9.36328125,165.4609375,215.67578125,599.953125
8.32421875,9.58984375,9.97265625,9.26953125,168.046875,217.56640625,594.30078125
8.328125,9.5,9.953125,11.2734375,165.5703125,209.78515625,597.953125
8.3203125,9.6015625,9.91015625,9.296875,172.75390625,213.6640625,662.27734375
8.37890625,9.51953125,9.96484375,9.28515625,169.515625,217.8203125,655.45703125
8.28515625,9.56640625,9.94140625,9.1875,168.15625,212.1796875,658.07421875
8.3671875,9.55859375,9.93359375,9.33203125,175.30859375,214.1328125,600.11328125
8.296875,9.5,9.8359375,9.23828125,165.4921875,207.84765625,655.6875
8.37109375,9.6328125,10.01171875,9.2890625,174.46484375,218.74609375,669.2734375
8.3046875,9.5625,9.90234375,9.29296875,175.8984375,213.44921875,667.65234375
8.2890625,9.546875,9.99609375,9.3359375,166.71875,206.5,658.84375
8.28125,9.59375,9.98046875,9.27734375,175.76953125,204.86328125,599.4765625
8.515625,9.55078125,9.94140625,9.2890625,170.0703125,212.640625,590.0
8.2890625,9.5234375,9.96484375,9.23046875,171.640625,207.37890625,658.7890625
8.27734375,9.60546875,9.87109375,9.37890625,177.8203125,216.92578125,654.16796875
8.2734375,9.5546875,9.9296875,9.359375,185.359375,213.1328125,660.8125
8.37109375,9.5390625,9.93359375,11.21875,172.0234375,208.15625,634.71875
8.328125,9.578125,9.97265625,9.3203125,173.5859375,206.265625,662.50390625
8.30078125,9.55859375,9.9296875,9.2578125,170.50390625,210.25390625,655.3046875
8.296875,9.6328125,9.9921875,9.19140625,169.82421875,214.421875,667.42578125
8.31640625,9.59765625,9.9375,9.24609375,166.6640625,210.6796875,665.953125
8.29296875,9.5859375,9.953125,9.2890625,166.14453125,206.67578125,654.16796875
8.3125,9.62109375,9.92578125,9.2265625,170.52734375,213.7578125,664.80078125
8.37890625,9.68359375,10.02734375,9.359375,172.32421875,210.9140625,664.3046875
8.37890625,9.51171875,9.91015625,9.21875,171.68359375,213.41796875,666.8125
8.27734375,9.609375,9.95703125,9.30859375,170.28125,208.62890625,686.703125
8.28125,9.578125,9.84375,9.38671875,164.53125,208.01171875,654.74609375
8.34765625,9.5625,9.96875,9.33203125,173.19140625,210.828125,667.23828125
8.3125,9.58984375,9.97265625,9.3125,171.2265625,210.3984375,604.75390625
8.328125,9.578125,9.92578125,9.33203125,175.3203125,206.5625,658.59765625
8.27734375,9.625,10.0078125,9.28125,166.64453125,217.6328125,663.296875
8.3125,9.578125,9.875,9.28515625,171.36328125,207.75,597.8046875
8.3125,9.62109375,10.01171875,9.2890625,164.9765625,211.515625,653.765625
8.2890625,9.578125,10.0,9.3046875,170.15625,208.82421875,663.59375
8.3046875,9.5859375,9.921875,9.359375,169.71484375,211.2265625,664.51953125
8.2734375,9.55078125,9.8671875,9.30078125,166.52734375,205.59375,653.04296875
8.27734375,9.60546875,9.90625,9.2578125,168.828125,216.87109375,658.69921875
8.3828125,9.5625,10.01171875,9.33984375,173.37109375,208.81640625,658.8671875
8.37890625,9.58203125,9.98046875,9.19140625,166.3046875,207.58984375,666.5703125
8.015625,9.53125,9.91796875,9.2421875,176.64453125,211.33203125,656.10546875
8.2890625,9.6328125,9.91015625,9.265625,176.59375,210.921875,601.54296875
8.3828125,9.5859375,9.9765625,9.2734375,178.82421875,211.1953125,664.06640625
8.3046875,9.546875,10.00390625,9.328125,163.51953125,211.79296875,657.1171875
8.36328125,9.66015625,9.83984375,9.25,167.58203125,206.9609375,599.8125
8.3671875,9.66015625,9.98828125,9.23046875,173.203125,215.16015625,660.84765625
8.2734375,9.55078125,9.91796875,9.2890625,172.47265625,216.49609375,659.98828125
8.28125,9.5703125,9.98828125,9.3046875,177.1640625,209.93359375,599.8046875
8.3828125,9.6015625,9.86328125,9.34765625,165.25390625,208.96875,664.80859375
8.28515625,9.5234375,9.91796875,9.3203125,166.70703125,212.4921875,599.28515625
8.01953125,9.66015625,9.9453125,9.3125,173.16015625,210.5625,662.4921875
8.28125,11.5703125,9.87890625,9.20703125,169.47265625,213.55859375,660.39453125
8.078125,9.65625,9.87109375,9.25,173.36328125,211.92578125,662.0
8.3125,9.52734375,10.01171875,9.23046875,165.640625,218.22265625,670.32421875
8.02734375,9.6015625,9.91015625,9.21875,168.9921875,210.01171875,663.19921875
8.30859375,9.53515625,9.94921875,9.32421875,169.734375,208.36328125,615.67578125
8.2734375,9.546875,9.9296875,9.3359375,168.6328125,216.07421875,667.31640625
8.3203125,9.58203125,9.84765625,9.2109375,176.23046875,219.83984375,666.24609375
8.3671875,9.68359375,9.93359375,9.26953125,166.91796875,203.2578125,656.00390625
8.359375,9.63671875,9.96484375,9.16015625,170.73046875,213.42578125,653.171875
8.3046875,9.65234375,9.91015625,9.1640625,166.82421875,208.26953125,656.3828125
8.3125,9.6796875,9.91015625,9.24609375,175.4140625,214.71875,650.5625
8.3203125,9.6015625,9.9140625,9.22265625,171.69921875,213.72265625,661.4375
8.28125,9.671875,9.97265625,9.32421875,170.859375,215.0625,660.94921875
8.3046875,9.53515625,9.91015625,9.23828125,179.703125,209.8359375,661.38671875
8.0546875,9.578125,9.95703125,9.328125,170.86328125,209.50390625,603.6015625
8.328125,9.51171875,9.93359375,9.28125,170.30078125,211.96484375,673.8671875
8.3125,9.58203125,9.98046875,9.28515625,167.2578125,208.953125,665.96484375
8.28125,9.51953125,9.953125,9.23046875,171.640625,206.3203125,664.12109375
8.27734375,9.5859375,9.94921875,9.23046875,171.78125,208.5859375,663.3125
8.30859375,9.625,9.953125,9.37890625,166.08984375,205.11328125,661.01953125
8.32421875,9.57421875,9.84765625,9.2578125,170.87890625,212.91796875,663.9453125
8.3046875,9.5078125,9.91796875,9.3046875,171.015625,213.98828125,652.51953125
8.359375,9.5859375,11.96484375,9.36328125,166.21484375,205.58203125,659.515625
8.26953125,9.5859375,9.9296875,9.28515625,168.921875,213.36328125,653.9609375
8.3125,9.62109375,9.91015625,9.26953125,165.47265625,211.90625,659.828125
8.36328125,9.6328125,9.92578125,9.3125,166.88671875,215.87109375,665.0390625
8.44140625,9.5,9.87890625,9.20703125,170.66796875,206.52734375,663.49609375
8.2734375,9.59765625,9.8984375,9.203125,167.7265625,213.03125,686.7734375
8.37109375,9.515625,9.92578125,9.21875,179.40234375,212.7421875,659.33203125
8.28515625,9.578125,9.9296875,9.203125,170.45703125,209.73046875,670.12890625
8.40625,9.5703125,9.9609375,9.2734375,165.40625,207.54296875,662.91015625
8.2890625,9.5625,9.98046875,9.3046875,168.15625,213.98046875,629.45703125
8.29296875,9.58984375,9.87890625,9.33203125,172.234375,211.015625,625.79296875
8.28515625,9.578125,9.921875,9.28515625,165.765625,209.28125,658.546875
8.44140625,9.55859375,9.9609375,9.2734375,168.3359375,209.09375,617.06640625
8.32421875,9.55078125,9.90625,9.2421875,170.15625,212.96875,664.8515625
8.37109375,9.6328125,9.86328125,9.21875,169.43359375,208.953125,659.9140625
8.3359375,9.5703125,9.9140625,9.2890625,166.02734375,216.4375,664.171875
8.28515625,9.62109375,9.94921875,9.36328125,165.5390625,212.8515625,660.68359375
8.2734375,9.6171875,9.96484375,9.3046875,163.6484375,215.53125,669.16015625
8.28125,9.59375,9.94140625,9.265625,172.0,208.06640625,601.24609375
8.328125,9.63671875,9.9140625,9.3359375,167.6015625,212.5,657.76171875
8.29296875,9.5078125,10.01953125,9.25,174.00390625,208.9140625,602.09375
8.05078125,9.58984375,9.96875,9.3046875,171.56640625,212.5546875,660.14453125
8.359375,9.60546875,11.97265625,9.19921875,169.57421875,215.1796875,663.9296875
8.3671875,9.55078125,9.87890625,9.30078125,171.1640625,207.41796875,622.59375
8.3671875,9.625,9.89453125,9.30859375,169.5390625,206.86328125,658.109375
8.3671875,9.61328125,9.9140625,9.328125,170.00390625,210.59375,666.2109375
8.26953125,9.58984375,9.95703125,9.3359375,166.88671875,203.87890625,605.13671875
8.29296875,9.59375,11.921875,9.28125,181.02734375,206.06640625,634.23046875
8.30078125,9.59375,9.92578125,9.3515625,166.2421875,210.6484375,663.1796875
8.37109375,9.59375,9.91015625,9.375,168.5078125,207.23046875,674.01171875
8.29296875,9.6796875,9.8984375,9.328125,169.89453125,207.49609375,656.17578125
8.2734375,9.61328125,9.8359375,9.26953125,168.5546875,210.80859375,663.921875
8.3125,9.5859375,9.921875,9.3359375,167.34375,203.171875,655.80859375
8.35546875,9.6796875,9.80859375,9.3046875,165.44921875,209.15234375,600.4609375
8.3671875,9.609375,9.90234375,9.28515625,164.97265625,209.88671875,602.03125
8.36328125,9.65234375,9.9453125,9.296875,170.0,217.7265625,658.08203125
8.46875,9.55078125,9.9140625,9.26171875,163.01953125,217.234375,657.77734375
8.2734375,9.58984375,9.9921875,9.30859375,166.7578125,202.85546875,655.79296875
8.3125,9.54296875,9.86328125,9.23046875,178.5859375,209.83984375,662.84765625
8.27734375,9.51171875,9.94921875,9.37109375,168.53515625,213.53125,661.453125
8.32421875,9.66796875,9.9765625,9.2734375,165.3046875,211.4140625,661.66796875
8.421875,9.55859375,9.96875,9.32421875,164.703125,205.2578125,675.53515625
8.4609375,9.62109375,10.01171875,9.31640625,169.5234375,216.390625,600.23828125
8.2734375,9.6015625,9.9375,9.21875,166.9375,205.61328125,659.28515625
8.31640625,9.515625,9.8828125,9.25,164.234375,210.80078125,632.51953125
8.35546875,9.6015625,9.9453125,9.359375,171.1484375,215.68359375,602.81640625
8.29296875,9.6171875,9.94140625,9.35546875,181.546875,211.6171875,595.421875
8.30859375,9.56640625,9.94140625,9.17578125,170.9765625,211.37890625,670.50390625
8.06640625,9.515625,9.97265625,9.1953125,168.1171875,217.03125,663.40625
8.2734375,9.58203125,9.91015625,9.23046875,168.91015625,215.24609375,664.96484375
8.27734375,9.5859375,9.9140625,9.28515625,171.15234375,212.33984375,659.51171875
8.31640625,9.59765625,11.90234375,9.2578125,172.27734375,205.578125,654.63671875
8.3671875,9.5,9.9375,9.21875,177.3046875,211.62890625,602.21484375
8.3671875,9.50390625,9.86328125,9.30859375,164.49609375,207.58203125,659.4140625
8.3125,9.4609375,9.8984375,9.3515625,169.890625,207.42578125,658.31640625
8.2890625,9.62890625,9.90625,9.26953125,173.64453125,215.140625,636.890625
8.37890625,9.59765625,9.99609375,9.296875,170.625,210.64453125,660.0859375
8.09765625,9.54296875,9.9453125,9.203125,173.77734375,205.7734375,665.375
8.27734375,9.5546875,9.92578125,9.16796875,171.60546875,213.51953125,659.015625
8.32421875,9.51953125,9.85546875,9.27734375,170.86328125,210.078125,668.99609375
8.28515625,9.5859375,9.96484375,9.3125,167.640625,213.95703125,660.515625
8.48046875,9.5859375,9.953125,9.2578125,169.8125,207.89453125,654.78515625
8.421875,9.6484375,9.9609375,9.2890625,177.53515625,213.46484375,620.98046875
8.26953125,9.62109375,9.96875,9.296875,176.8515625,213.58203125,659.36328125
8.2890625,9.5703125,9.875,9.30078125,171.1875,209.390625,655.1953125
8.48046875,9.59375,9.890625,9.32421875,172.0,209.89453125,654.58203125
8.3359375,9.578125,9.94921875,9.23828125,170.8828125,207.63671875,595.828125
8.359375,9.5859375,9.9765625,9.3671875,166.1953125,214.51171875,654.75
8.41015625,9.45703125,9.92578125,9.3125,170.43359375,207.8359375,669.03515625
8.28125,9.52734375,9.8359375,9.1953125,171.31640625,207.67578125,653.05078125
8.42578125,9.47265625,9.984375,9.17578125,171.56640625,207.84765625,653.21875
8.28125,9.5859375,9.921875,9.2578125,164.5703125,211.265625,658.55859375
8.36328125,9.640625,9.94140625,9.3046875,170.046875,216.49609375,657.4296875
8.2890625,9.51171875,9.92578125,9.25,169.12890625,216.16015625,671.0
8.3046875,9.546875,9.96484375,9.296875,166.859375,214.9609375,667.92578125
8.46875,9.58984375,9.9296875,9.30078125,168.25,205.76171875,666.9765625
8.35546875,11.56640625,9.86328125,9.328125,168.45703125,207.77734375,661.6875
8.296875,9.6171875,9.921875,9.31640625,172.953125,211.06640625,654.44140625
8.3203125,9.59765625,9.90625,9.328125,169.59375,218.328125,657.05859375
8.3125,9.5859375,11.875,9.27734375,172.53515625,214.2421875,599.94921875
8.2890625,9.54296875,9.875,9.2421875,171.2890625,205.66015625,600.6796875
8.32421875,9.6015625,9.9296875,9.17578125,175.625,214.23828125,636.90625
8.2734375,9.59765625,9.859375,9.25,171.55078125,211.1953125,661.0234375
8.33203125,9.515625,9.96875,9.31640625,168.49609375,210.890625,667.00390625
8.30859375,9.640625,9.9609375,9.36328125,168.9921875,205.70703125,659.55078125
8.328125,9.55859375,9.90234375,9.25390625,171.65234375,208.3359375,658.13671875
8.36328125,9.63671875,9.97265625,9.17578125,168.1328125,223.92578125,658.17578125
8.3828125,9.58203125,9.91796875,9.34765625,172.94140625,210.2421875,658.0625
8.31640625,9.4921875,9.96875,9.21875,169.625,211.3515625,602.109375
8.1640625,9.640625,9.8984375,9.29296875,162.109375,210.5546875,607.58203125
8.28125,9.62109375,9.98828125,9.36328125,169.93359375,208.70703125,683.09375
8.37109375,9.59375,9.9453125,9.29296875,175.734375,210.14453125,662.6484375
8.28515625,9.65625,9.94140625,9.21875,166.4609375,214.671875,654.10546875
8.3203125,9.5234375,9.85546875,9.3046875,167.65625,216.3828125,674.40234375
8.3203125,9.61328125,9.87890625,9.27734375,173.75,213.28515625,657.50390625
8.28125,9.5703125,9.8828125,9.265625,171.90234375,208.45703125,659.8046875
8.4296875,9.55078125,9.94140625,9.2890625,167.9375,219.8671875,659.76171875
8.41015625,11.48828125,9.83984375,9.15234375,169.8671875,212.52734375,612.30078125
8.29296875,9.55859375,9.9609375,9.19140625,166.82421875,215.1640625,597.7109375
8.30859375,9.5625,9.84375,9.23828125,165.82421875,214.5390625,659.984375
8.2890625,9.63671875,9.84375,9.32421875,167.875,206.0,664.77734375
8.32421875,9.6953125,9.98046875,9.265625,171.4765625,214.48828125,657.125
8.33203125,9.6015625,9.9296875,9.2734375,167.578125,216.34375,654.27734375
8.390625,9.56640625,9.94921875,9.1875,169.93359375,207.421875,666.37890625
8.37890625,9.62109375,9.97265625,9.36328125,164.54296875,211.984375,659.1328125
8.2890625,9.66015625,9.93359375,9.32421875,167.44921875,213.671875,660.19140625
8.3046875,9.57421875,9.96484375,9.30078125,167.30859375,218.28125,596.20703125
8.1796875,9.55859375,9.96484375,9.23046875,177.87890625,204.2734375,600.84375
8.32421875,9.6640625,9.9453125,9.25,167.10546875,209.68359375,663.4296875
8.3046875,9.59765625,10.015625,9.29296875,173.65234375,211.76171875,661.15234375
8.28125,11.5546875,9.8984375,9.28515625,170.4140625,210.38671875,661.80078125
8.0390625,9.48828125,9.96484375,9.32421875,166.58984375,212.79296875,605.73046875
8.49609375,9.63671875,9.94140625,9.328125,166.3203125,211.0390625,662.734375
8.2890625,9.59765625,9.94140625,9.2734375,167.0078125,209.734375,658.0703125
8.12109375,9.56640625,9.9453125,9.29296875,167.984375,208.125,665.07421875
8.26953125,9.640625,9.95703125,9.23046875,169.63671875,216.73828125,659.0078125
8.3359375,9.59375,9.98046875,9.1875,172.1640625,209.8984375,661.26171875
8.29296875,9.6640625,9.9140625,9.26953125,168.13671875,213.62109375,665.9765625
8.3359375,9.6171875,9.9375,9.23828125,163.70703125,209.79296875,659.08984375
8.2734375,9.57421875,9.8984375,9.30078125,168.5859375,210.1640625,596.75390625
8.3203125,9.58984375,9.9609375,9.31640625,167.37109375,212.8046875,599.63671875
8.34375,9.58203125,11.95703125,9.2890625,168.15625,211.96875,660.484375
8.32421875,9.625,9.90625,9.2578125,171.61328125,207.171875,595.1796875
8.27734375,9.546875,9.875,9.3671875,171.8515625,217.3125,659.40625
8.4765625,9.64453125,9.92578125,9.26953125,175.03515625,215.59765625,598.4765625
8.33203125,9.45703125,10.02734375,9.30078125,167.8046875,221.72265625,600.21875
8.28515625,9.65625,9.921875,9.22265625,170.1640625,214.046875,656.12890625
8.2734375,9.6640625,9.87109375,9.24609375,167.5703125,216.45703125,656.5
8.36328125,9.59765625,9.90625,9.2578125,168.203125,209.9765625,624.6796875
8.3828125,9.5703125,9.953125,9.3515625,175.125,214.8203125,664.66796875
8.34375,9.48046875,9.95703125,11.3515625,176.98828125,210.64453125,598.46875
8.35546875,9.50390625,9.9375,9.3203125,168.03515625,214.47265625,679.5390625
8.3203125,9.64453125,9.96484375,9.34375,173.890625,225.29296875,663.65625
8.31640625,9.52734375,9.921875,9.29296875,169.30859375,209.8828125,608.79296875
8.296875,9.59765625,9.9375,9.2109375,171.43359375,208.4921875,656.50390625
8.27734375,9.60546875,9.93359375,9.3125,169.93359375,210.38671875,603.21875
8.2734375,9.67578125,9.9453125,9.328125,167.01953125,210.984375,656.98046875
8.328125,9.60546875,9.93359375,9.24609375,168.57421875,213.4765625,611.328125
8.28125,9.56640625,9.90625,9.22265625,167.81640625,206.83203125,658.13671875
8.328125,9.61328125,9.86328125,9.19140625,174.38671875,211.296875,663.546875
8.4296875,9.58203125,9.9765625,9.34765625,178.4140625,213.40234375,601.25
8.3046875,9.58203125,10.0,9.265625,164.15234375,211.7109375,660.06640625
8.2734375,9.66796875,9.93359375,9.33203125,168.71875,208.6328125,596.35546875
8.28515625,9.56640625,9.91015625,9.3125,169.62890625,208.20703125,662.35546875
8.3671875,9.56640625,9.921875,9.28515625,174.5546875,214.484375,661.8515625
8.3203125,9.5859375,9.94921875,9.296875,166.5,216.56640625,686.5625
8.3125,9.5546875,9.953125,9.29296875,168.16015625,208.953125,650.3984375
8.25390625,9.66796875,9.90234375,9.33203125,167.9140625,209.39453125,659.078125
8.1640625,9.49609375,10.0,9.28125,172.265625,214.52734375,664.09375
8.29296875,9.5703125,9.9375,9.28125,169.23046875,216.03125,662.62890625
8.4453125,9.6953125,10.01171875,9.3203125,170.0859375,218.078125,597.29296875
8.296875,9.56640625,9.91015625,9.3828125,169.7109375,215.00390625,659.23828125
8.25,9.58984375,9.92578125,9.32421875,178.87890625,207.328125,660.734375
8.2890625,9.6015625,9.9609375,9.2265625,169.91015625,208.015625,657.37890625
8.2734375,9.5859375,9.98828125,9.25,170.17578125,208.11328125,669.4296875
8.359375,9.60546875,9.89453125,9.30078125,167.12109375,210.1796875,654.71484375
8.32421875,9.6484375,9.89453125,9.19140625,168.1953125,210.72265625,627.6484375
8.2734375,9.55859375,9.88671875,9.3203125,169.28125,207.41796875,593.734375
8.29296875,9.57421875,9.8984375,9.30859375,170.63671875,216.28515625,659.4453125
8.32421875,9.5703125,9.96484375,9.27734375,173.75,214.046875,665.15234375
8.28125,9.5078125,9.8828125,9.37890625,166.421875,221.11328125,661.05859375
8.31640625,9.60546875,9.9296875,9.30859375,171.6015625,213.41796875,662.390625
8.16796875,9.55859375,9.953125,9.34765625,173.34765625,208.3359375,661.18359375
8.30078125,9.578125,9.91796875,9.3046875,172.8984375,211.20703125,655.6796875
8.33984375,9.56640625,9.98046875,9.3046875,173.328125,213.1875,658.82421875
8.3359375,9.625,9.99609375,9.27734375,172.58203125,212.69921875,657.78515625
8.30859375,9.6640625,9.94921875,9.26953125,167.79296875,209.12890625,596.4921875
8.30859375,9.5,9.93359375,9.28125,170.265625,207.69921875,662.0
8.3125,9.60546875,9.8671875,9.2890625,168.6640625,212.63671875,660.515625
8.359375,9.6015625,9.89453125,9.3046875,169.12109375,205.96875,655.44140625
8.27734375,9.52734375,9.95703125,9.29296875,168.28125,207.734375,658.4375
8.31640625,9.55078125,10.02734375,9.3125,162.2109375,213.3125,658.734375
8.4765625,9.59765625,10.00390625,9.2109375,166.88671875,211.83203125,636.13671875
8.28125,9.578125,9.94921875,9.30859375,169.6328125,215.62890625,609.859375
8.37890625,9.58203125,9.9453125,9.30859375,173.68359375,212.03125,669.01171875
8.02734375,9.61328125,10.0078125,9.21875,170.28125,211.46875,661.05078125
8.27734375,9.55078125,9.87109375,9.21875,166.99609375,208.328125,620.7578125
8.2890625,9.6171875,9.8515625,9.31640625,169.6328125,205.8046875,655.7265625
8.2890625,9.60546875,9.91015625,9.19921875,171.17578125,212.91015625,662.2890625
8.359375,9.62890625,9.94140625,9.2109375,164.65234375,208.19140625,660.90625
8.37109375,9.48828125,9.9296875,9.27734375,166.7578125,210.109375,596.7734375
8.28125,9.578125,9.9453125,9.2421875,171.71484375,210.234375,660.453125
8.31640625,9.5546875,9.9609375,9.23828125,169.8203125,218.75,660.49609375
8.27734375,9.50390625,9.84375,9.21484375,167.26953125,220.640625,596.421875
8.29296875,9.65234375,9.97265625,9.2578125,171.3046875,212.84375,660.66015625
8.30859375,9.6171875,10.02734375,9.328125,174.02734375,209.91796875,600.22265625
8.33203125,9.59765625,9.93359375,9.26171875,177.3984375,212.44921875,670.2578125
8.359375,9.59375,9.90625,9.3359375,174.13671875,210.11328125,657.09375
8.30859375,9.65625,10.01171875,9.2109375,166.98828125,213.05859375,670.375
8.36328125,9.609375,9.9375,9.30078125,171.65625,214.54296875,604.07421875
8.359375,9.5546875,9.90625,9.23828125,167.84375,211.84765625,592.68359375
8.30859375,9.6484375,9.84375,9.33203125,168.69921875,214.00390625,603.60546875
8.3359375,9.6171875,9.9609375,9.234375,175.84765625,210.67578125,650.1640625
8.3203125,9.59375,9.91015625,9.16796875,172.6171875,212.94140625,656.08984375
8.38671875,9.640625,9.9765625,9.234375,167.05859375,206.4921875,662.2890625
8.28515625,9.58203125,9.9296875,9.3515625,167.1328125,205.140625,667.5625
8.27734375,9.6328125,9.9375,9.31640625,164.58984375,212.18359375,593.921875
8.30859375,9.60546875,9.9296875,9.33203125,170.0546875,209.46875,603.05078125
8.3828125,9.5,9.94140625,9.29296875,174.10546875,203.55859375,635.98046875
8.32421875,9.65625,9.95703125,9.3125,169.34765625,209.015625,669.87109375
8.35546875,9.59375,9.859375,9.37890625,173.14453125,203.82421875,652.8203125
8.27734375,9.5859375,9.91796875,9.20703125,166.796875,211.05078125,662.91796875
8.26953125,9.4765625,10.02734375,9.32421875,163.40625,211.55078125,665.1796875
8.33984375,9.62109375,9.87890625,9.33203125,168.84765625,210.234375,660.49609375
8.3203125,9.62109375,9.94140625,9.234375,175.48828125,210.01171875,599.97265625
8.2890625,9.515625,9.9453125,9.2578125,168.734375,208.5546875,599.15234375
8.2734375,9.48046875,9.98046875,9.27734375,168.17578125,209.40234375,666.03125
8.03125,9.58203125,9.90625,9.26171875,166.046875,212.8984375,599.33203125
8.30859375,9.578125,9.88671875,9.22265625,170.81640625,213.9609375,672.921875
8.1015625,9.62890625,9.9296875,9.3671875,170.59375,218.68359375,654.98046875
8.2734375,9.58203125,9.9140625,9.37109375,168.41796875,217.51171875,598.3515625
8.28515625,9.58203125,10.02734375,9.38671875,168.33984375,205.52734375,666.6640625
8.32421875,9.62109375,9.90625,9.2734375,167.6328125,205.0234375,657.21484375
8.27734375,9.640625,9.84375,9.28515625,164.01953125,210.1328125,598.36328125
8.2734375,9.4765625,9.93359375,9.23046875,168.26953125,209.71875,602.73828125
8.27734375,9.578125,9.9375,9.2734375,168.6640625,204.203125,658.98046875
8.27734375,9.54296875,9.9375,9.2578125,166.90234375,215.125,597.40234375
8.28515625,9.59375,9.859375,9.29296875,165.77734375,209.2265625,663.44140625
8.296875,9.5546875,9.9609375,9.34765625,170.640625,220.77734375,664.09765625
8.33203125,9.5390625,9.875,9.265625,178.98828125,210.62109375,598.65234375
8.296875,9.58984375,9.9140625,9.203125,168.8515625,211.3203125,658.234375
8.30859375,9.6328125,9.91796875,9.3125,164.296875,211.81640625,659.4375
8.32421875,9.58984375,9.91796875,9.33203125,172.3125,215.671875,659.2890625
8.3125,9.56640625,9.9296875,9.3203125,172.16015625,211.9609375,595.859375
8.37890625,9.58984375,10.00390625,9.28515625,174.84375,211.45703125,634.79296875
8.3125,9.51171875,10.01953125,9.26953125,176.17578125,217.23046875,603.4375
8.37890625,9.53125,9.90625,9.17578125,168.3203125,209.26953125,601.90625
8.3203125,9.64453125,9.90234375,9.2890625,169.5546875,209.8515625,651.875
8.06640625,9.50390625,10.0078125,9.2734375,170.7578125,216.69140625,665.6015625
8.296875,9.50390625,9.90234375,9.31640625,169.9609375,218.76171875,603.109375
8.30859375,9.62109375,9.9140625,9.32421875,164.53125,211.35546875,659.4453125
8.3828125,9.6640625,9.94140625,9.33203125,170.296875,208.6171875,657.3125
8.2890625,9.50390625,9.953125,9.21484375,166.69140625,212.171875,663.1953125
8.29296875,9.59375,9.9765625,9.2578125,170.859375,206.3359375,659.2265625
8.3203125,9.5625,9.93359375,9.2421875,172.40625,212.55078125,658.70703125
8.03125,9.58203125,9.9921875,9.3203125,163.76171875,209.8515625,656.73828125
8.35546875,9.48046875,9.95703125,9.29296875,172.23828125,216.48046875,671.29296875
8.36328125,9.5859375,9.95703125,9.3046875,174.6640625,224.828125,664.28125
8.30859375,11.5078125,10.0078125,9.35546875,169.24609375,217.765625,595.83203125
8.3125,9.50390625,9.9140625,9.30078125,170.3203125,209.125,662.12109375
8.3671875,9.55859375,9.921875,9.3125,170.87109375,222.0078125,596.609375
8.33203125,9.6171875,9.9453125,9.21484375,167.71875,213.07421875,660.50390625
8.296875,9.55859375,9.9375,9.25390625,169.12109375,207.5390625,664.07421875
8.30859375,9.546875,9.96484375,9.296875,170.55859375,213.4296875,598.14453125
8.2890625,9.5390625,9.9296875,9.3359375,169.73046875,201.0625,664.87109375
8.29296875,9.53515625,9.92578125,9.296875,174.94921875,210.62890625,602.8359375
8.28125,9.6328125,9.9921875,9.2890625,172.26953125,206.23828125,598.25390625
8.30859375,9.58203125,9.91796875,9.30078125,168.47265625,205.58984375,655.953125
8.32421875,9.546875,9.9375,9.265625,169.71875,209.85546875,654.75
8.28125,9.59375,9.99609375,9.28125,172.12109375,216.140625,659.43359375
8.28125,9.58203125,9.93359375,9.296875,173.96875,212.5625,604.28125
8.3359375,9.59375,9.96484375,9.203125,167.1796875,211.88671875,658.7421875
8.046875,9.65234375,9.9609375,9.3203125,168.31640625,208.4296875,604.5625
8.33203125,9.59765625,10.015625,9.296875,174.359375,206.41015625,617.4921875
8.35546875,9.55859375,9.859375,9.22265625,173.4140625,207.81640625,663.12109375
8.2890625,9.6171875,9.96875,9.34375,168.13671875,210.61328125,654.02734375
8.28515625,9.6171875,11.94921875,9.30859375,169.42578125,204.43359375,672.46875
8.3203125,9.5859375,10.00390625,9.21484375,168.5625,213.70703125,658.88671875
8.2734375,9.6328125,9.9765625,9.3125,167.73046875,212.203125,658.578125
8.32421875,11.60546875,9.953125,9.38671875,170.53125,205.85546875,661.875
8.3046875,9.59375,9.9453125,9.296875,169.78515625,210.37109375,661.80078125
8.28125,9.6171875,9.984375,9.31640625,170.8984375,205.8984375,655.609375
8.1953125,9.578125,9.8828125,9.359375,163.2734375,211.75,667.84375
8.26953125,9.5859375,9.95703125,9.37890625,167.09765625,215.046875,662.28515625
8.33203125,9.671875,9.94140625,9.328125,174.5390625,205.58984375,661.40234375
8.30859375,9.59375,9.98046875,9.33984375,166.171875,206.0625,659.8046875
8.28515625,9.609375,9.9375,9.3671875,169.24609375,209.21484375,603.8671875
8.3359375,9.55859375,9.859375,9.1953125,171.91796875,204.9375,657.8359375
8.3046875,9.515625,9.9375,9.234375,171.51953125,211.921875,683.4140625
8.2890625,9.66015625,9.9453125,9.2734375,172.61328125,214.4765625,657.41015625
8.2734375,9.4921875,9.9375,9.3046875,166.84765625,207.18359375,654.36328125
8.33203125,9.63671875,9.9375,9.265625,181.84375,213.015625,656.8125
8.27734375,11.61328125,9.95703125,9.3125,166.11328125,211.51953125,678.98828125
8.28125,9.58203125,9.9140625,9.35546875,172.46875,209.109375,664.05078125
8.32421875,9.51953125,9.98828125,9.2890625,165.515625,207.171875,658.359375
8.41015625,9.61328125,10.0234375,9.296875,165.13671875,212.16796875,673.14453125
8.29296875,9.609375,9.91015625,9.36328125,168.40234375,213.421875,660.87109375
8.3125,9.62890625,9.8984375,9.3046875,166.3671875,206.18359375,671.7109375
8.28125,9.5390625,9.9609375,9.26171875,170.515625,213.46875,655.53515625
8.296875,9.66015625,9.98828125,9.28125,175.8203125,209.39453125,601.10546875
8.2890625,9.50390625,9.9375,9.3671875,168.63671875,212.6640625,657.6171875
8.359375,9.48046875,9.9921875,9.30859375,167.69140625,206.27734375,656.04296875
8.359375,9.59375,9.98828125,9.3046875,166.35546875,210.76953125,661.59375
8.33203125,9.61328125,9.83203125,9.3046875,170.359375,204.12890625,663.65234375
8.28125,9.61328125,9.9921875,9.28125,168.5703125,211.0,658.78515625
8.27734375,9.5703125,9.90234375,9.25390625,176.6796875,221.6171875,659.4140625
8.3203125,9.5859375,9.91796875,9.2421875,171.0078125,207.0546875,664.08984375
8.32421875,9.58203125,9.953125,9.3125,170.9140625,206.53125,660.1484375
8.32421875,9.62890625,9.94140625,9.28125,173.21484375,206.1875,602.5546875
8.30078125,9.52734375,9.96484375,9.29296875,174.046875,207.63671875,594.9140625
8.2734375,9.48828125,9.94140625,9.296875,172.3828125,213.2734375,661.12109375
8.33203125,9.55859375,10.015625,9.32421875,173.01953125,217.66796875,674.77734375
8.3125,9.640625,9.9453125,9.28125,176.94921875,214.4921875,660.76171875
8.28125,9.59765625,9.93359375,9.23046875,173.86328125,214.91796875,660.03125
8.31640625,9.57421875,9.9453125,9.2265625,167.640625,210.796875,605.01171875
8.28515625,9.53515625,10.00390625,9.31640625,165.75390625,217.06640625,661.86328125
8.36328125,9.5234375,9.9765625,9.37109375,167.0546875,221.0390625,604.9296875
8.28125,9.62890625,9.9296875,9.30078125,174.046875,211.859375,660.19921875
8.3125,9.5625,9.84765625,9.3515625,169.828125,212.15625,663.328125
8.2734375,9.58203125,9.9453125,9.359375,168.2734375,219.546875,595.16015625
8.3046875,9.5859375,9.984375,9.35546875,168.31640625,208.9375,606.6171875
8.29296875,9.60546875,9.98046875,9.2421875,167.80859375,212.96875,657.30078125
8.3671875,9.5859375,9.86328125,9.2578125,168.21875,214.08203125,662.1328125
8.125,9.4765625,9.9765625,9.22265625,171.36328125,209.28125,656.3203125
8.3046875,9.625,10.00390625,9.296875,172.8984375,214.33984375,598.42578125
8.29296875,9.640625,9.953125,9.25390625,172.0859375,209.171875,600.671875
8.49609375,9.59765625,9.9375,9.3046875,164.74609375,207.84375,671.4609375
8.3125,9.59765625,9.87109375,9.2734375,166.9296875,210.66015625,665.671875
8.359375,9.57421875,9.9140625,9.265625,164.703125,208.62109375,609.1171875
8.296875,9.59765625,9.96484375,9.26171875,173.76171875,211.18359375,662.99609375
8.30859375,9.56640625,9.94921875,9.28125,169.453125,210.02734375,655.3828125
8.3125,9.640625,9.93359375,9.33203125,169.17578125,210.4921875,594.48828125
8.38671875,9.58984375,11.953125,9.25390625,165.42578125,211.1875,601.890625
8.4296875,9.57421875,9.9609375,9.24609375,172.77734375,213.70703125,657.09375
8.3125,9.58984375,9.98046875,9.24609375,169.72265625,211.4140625,641.65234375
8.3046875,9.57421875,9.95703125,9.375,166.89453125,209.94921875,660.30859375
8.3671875,9.609375,9.91015625,9.23828125,171.84375,212.78125,659.13671875
8.38671875,9.546875,11.98828125,9.19921875,174.1875,212.3828125,663.171875
8.0625,9.64453125,9.93359375,9.296875,170.80859375,209.453125,660.32421875
8.2890625,9.55859375,9.92578125,9.33984375,177.61328125,212.69140625,661.37890625
8.27734375,9.66796875,9.98046875,9.234375,171.7578125,212.61328125,657.28125
8.44140625,9.60546875,9.90625,9.23828125,167.59765625,208.5625,665.859375
8.3671875,9.5234375,9.95703125,9.359375,170.78515625,216.39453125,663.9453125
8.30859375,9.59375,9.98828125,9.3359375,172.90234375,209.7421875,670.86328125
8.32421875,9.49609375,9.9453125,9.296875,166.49609375,214.6953125,657.41015625
8.2734375,9.59765625,10.01171875,9.28515625,169.03515625,216.6015625,662.67578125
8.2734375,9.58984375,9.98046875,9.26171875,173.01953125,216.46875,661.5625
8.46484375,9.625,9.90234375,9.265625,169.91796875,211.1015625,599.984375
8.3125,9.484375,9.97265625,9.2578125,166.93359375,217.34375,670.21484375
8.3671875,9.65234375,9.96484375,9.265625,173.78125,210.1640625,659.9921875
8.28125,9.48828125,9.90625,9.30859375,171.1875,212.2109375,659.03125
8.37890625,9.57421875,9.9375,9.37890625,181.19140625,210.05859375,629.08984375
8.36328125,9.625,9.83203125,9.25390625,171.16796875,206.33203125,600.31640625
8.2734375,9.60546875,10.0,9.32421875,166.73046875,211.8984375,659.89453125
8.2890625,9.59375,9.93359375,9.29296875,169.296875,215.66015625,655.5859375
8.32421875,9.66796875,9.953125,9.3125,165.421875,215.84765625,665.14453125
8.32421875,9.5703125,9.91015625,9.29296875,169.3984375,219.2578125,661.98828125
8.328125,9.57421875,9.8515625,9.23828125,168.05078125,206.03125,657.37109375
8.28515625,9.59375,10.0234375,9.28515625,169.5078125,206.11328125,661.94140625
8.45703125,9.57421875,9.96484375,9.296875,169.94921875,211.6015625,658.56640625
8.36328125,9.578125,9.90234375,9.25390625,167.6015625,206.6171875,608.5625
8.28515625,9.6171875,9.9140625,9.2890625,167.515625,210.4609375,665.984375
8.3671875,9.5703125,9.9375,9.2890625,167.046875,209.72265625,656.34375
8.296875,9.57421875,9.93359375,9.3046875,176.86328125,212.2578125,655.33203125
8.36328125,9.6953125,9.8515625,9.265625,167.32421875,217.15234375,663.18359375
8.3671875,9.625,9.87890625,9.2890625,166.16015625,213.70703125,657.05859375
8.33203125,9.5859375,9.85546875,9.22265625,170.14453125,215.93359375,660.859375
8.359375,9.58203125,10.0,9.29296875,166.546875,208.578125,655.921875
8.33203125,9.68359375,9.92578125,9.2265625,166.85546875,210.15234375,597.953125
8.2734375,9.59765625,9.9765625,9.3515625,169.00390625,202.69140625,602.66015625
8.38671875,9.5234375,9.91015625,11.25,173.08984375,217.30859375,662.25
8.1015625,9.5,9.84765625,9.3359375,170.43359375,207.76171875,599.19140625
8.31640625,9.6640625,9.9296875,9.30859375,170.4296875,205.34375,657.96875
8.375,9.6171875,9.94140625,9.32421875,168.44921875,215.02734375,596.6171875
8.265625,9.56640625,9.94921875,9.22265625,166.91015625,210.37109375,598.29296875
8.33984375,9.5859375,9.9296875,9.29296875,170.08203125,214.38671875,627.88671875
8.30859375,9.58203125,12.0,9.375,173.734375,204.140625,660.2265625
8.328125,9.65625,9.97265625,9.30078125,169.95703125,210.765625,662.88671875
8.328125,9.57421875,9.91796875,9.34375,166.4453125,219.51171875,601.11328125
8.3046875,9.58984375,9.95703125,9.28125,165.4375,202.32421875,653.2734375
8.28125,9.59765625,9.890625,9.203125,171.62109375,203.7578125,604.25
8.29296875,9.60546875,9.9921875,9.2734375,167.10546875,211.4296875,657.73046875
8.2734375,9.65234375,10.01953125,9.37109375,171.14453125,217.93359375,669.33203125
8.359375,9.5234375,9.875,9.31640625,177.890625,207.515625,604.453125
8.3125,9.6484375,9.921875,9.23046875,170.43359375,203.0703125,656.3359375
8.28125,9.6015625,9.8984375,9.26953125,172.15234375,206.24609375,658.859375
8.35546875,9.57421875,9.96484375,9.28125,168.30078125,211.85546875,665.8359375
8.37890625,9.578125,9.953125,9.3125,169.6875,216.265625,657.16796875
8.29296875,9.578125,9.90234375,9.26171875,168.95703125,211.91796875,661.921875
8.3203125,9.6015625,9.95703125,9.29296875,175.6015625,219.265625,667.58203125
8.31640625,9.5546875,9.95703125,9.2578125,172.109375,209.64453125,659.703125
8.3828125,9.60546875,10.0234375,9.25390625,169.90234375,211.625,613.44921875
8.296875,9.58203125,9.9140625,9.33203125,167.5234375,211.2265625,660.39453125
8.37890625,9.59375,10.00390625,9.28515625,167.0234375,210.828125,665.14453125
8.2890625,9.609375,9.984375,9.23828125,172.95703125,206.60546875,662.89453125
8.3671875,9.53515625,11.8515625,9.2890625,171.25390625,206.5625,661.72265625
8.25390625,9.49609375,9.94140625,9.3046875,171.64453125,208.05859375,653.21484375
8.33203125,9.50390625,9.95703125,9.328125,168.421875,215.93359375,663.015625
8.359375,9.59375,9.96484375,9.3125,175.984375,209.16796875,658.6953125
8.359375,9.6796875,9.91015625,9.32421875,164.88671875,211.81640625,656.89453125
8.2734375,9.5859375,11.875,9.25390625,173.609375,215.57421875,662.8203125
8.38671875,9.5703125,9.828125,9.3359375,167.36328125,204.8203125,658.77734375
8.3671875,9.51171875,9.95703125,9.3046875,168.390625,209.015625,606.2265625
8.28515625,9.4921875,9.953125,9.3046875,169.19140625,217.94140625,658.14453125
8.28125,9.6015625,10.01171875,9.328125,171.42578125,217.4375,664.72265625
8.3125,9.61328125,9.95703125,9.23828125,165.7734375,211.4140625,659.26171875
8.296875,9.61328125,9.98046875,9.24609375,170.80859375,210.89453125,657.01953125
8.36328125,9.48046875,9.92578125,9.25390625,168.00390625,211.38671875,657.49609375
8.43359375,9.640625,9.91796875,9.3125,169.48828125,211.3203125,660.00390625
8.28125,9.59765625,9.90234375,9.234375,167.8125,209.1953125,654.0859375
8.015625,9.65234375,9.890625,9.3125,170.7890625,211.2109375,658.9921875
8.296875,9.578125,10.00390625,9.296875,171.41796875,215.1328125,663.46875
8.24609375,9.61328125,9.8984375,9.3125,169.71484375,202.3125,637.1484375
8.30859375,9.58203125,9.953125,9.2890625,172.26171875,222.02734375,660.23046875
8.36328125,9.66796875,9.9765625,9.265625,168.140625,209.859375,665.76171875
8.29296875,9.6328125,9.94921875,9.21484375,167.7734375,210.62109375,662.65625
8.28515625,9.56640625,9.87890625,9.375,167.6875,210.7421875,662.8125
8.3125,9.64453125,10.01953125,9.30078125,170.37890625,211.71875,636.40625
8.30859375,9.6875,9.94921875,9.2578125,170.7109375,217.1796875,602.6015625
8.37109375,9.65625,9.94140625,9.26953125,167.5546875,213.9609375,669.30859375
8.3125,9.66015625,9.84375,9.29296875,166.9609375,204.484375,656.8828125
8.3046875,9.58984375,9.97265625,9.34375,168.78125,205.546875,600.32421875
8.28125,9.52734375,9.953125,9.22265625,165.453125,201.08203125,613.5859375
8.32421875,9.58984375,9.8984375,9.35546875,169.3515625,214.76171875,655.37109375
8.28125,9.56640625,9.98828125,9.28515625,166.45703125,210.703125,666.23046875
8.28125,9.51171875,9.96484375,9.2734375,172.68359375,215.2734375,654.5234375
8.28515625,9.5078125,9.91015625,9.33203125,169.67578125,213.28515625,663.19140625
8.3203125,9.6171875,9.953125,9.28515625,165.39453125,219.8359375,670.4296875
8.359375,9.578125,9.9453125,9.296875,178.95703125,209.125,607.453125
8.35546875,9.5234375,9.9453125,9.2421875,171.76953125,215.01171875,663.33203125
8.27734375,9.53125,9.984375,9.30859375,171.45703125,210.8046875,661.12890625
8.28125,9.64453125,9.94140625,9.2421875,171.46875,211.87890625,662.7578125
8.4375,9.59765625,9.8984375,9.36328125,176.6015625,212.44921875,668.6953125
8.29296875,9.65234375,9.96875,9.13671875,170.65234375,212.55078125,610.25390625
8.28125,9.546875,9.984375,9.2109375,164.140625,215.75390625,652.1015625
8.4609375,9.6640625,10.00390625,9.28515625,179.44921875,214.859375,655.01171875
8.328125,9.60546875,9.93359375,9.26953125,167.58203125,203.25390625,655.80859375
8.32421875,9.62109375,9.91015625,9.30078125,169.21875,206.6953125,656.20703125
8.328125,9.62890625,9.96875,9.265625,169.08203125,206.09375,684.62890625
8.27734375,9.5546875,9.94140625,9.1640625,173.359375,218.2734375,668.5625
8.3046875,9.5859375,9.96484375,9.296875,170.06640625,212.5234375,665.33984375
8.39453125,9.64453125,9.91015625,9.27734375,172.359375,210.7265625,657.56640625
8.28125,9.59375,9.89453125,9.2890625,164.9296875,209.3984375,590.6953125
8.28515625,9.62890625,10.015625,9.30859375,173.69921875,210.7265625,597.4921875
8.296875,9.56640625,9.953125,9.34765625,172.21875,216.6328125,635.98828125
8.2890625,9.640625,9.98046875,9.2109375,172.515625,204.76953125,656.33203125
8.36328125,9.5703125,9.94921875,9.21484375,168.31640625,209.69921875,596.078125
8.28125,9.48046875,9.8984375,9.265625,172.90625,212.8046875,657.57421875
8.3671875,9.5234375,10.0078125,9.296875,168.27734375,216.55859375,658.08203125
8.3125,9.6015625,9.94140625,9.359375,170.4140625,214.4609375,660.734375
8.359375,9.60546875,10.0234375,9.3125,171.98828125,213.86328125,599.109375
8.2890625,9.5546875,9.9140625,9.29296875,167.86328125,207.23828125,611.81640625
8.32421875,9.53125,10.00390625,9.2265625,166.46484375,212.76171875,659.484375
8.37109375,9.5859375,9.9453125,9.25390625,164.26171875,211.453125,660.17578125
8.328125,9.52734375,9.8984375,9.23046875,169.4296875,209.9296875,660.39453125
8.33203125,9.578125,9.94140625,11.21875,169.11328125,214.96484375,661.3359375
8.2734375,9.578125,9.94140625,9.30078125,167.125,205.87109375,665.9140625
8.30859375,9.625,9.9765625,9.25,167.33984375,209.89453125,656.51171875
8.359375,9.68359375,9.828125,9.30078125,168.6484375,216.09375,594.12890625
8.359375,9.59375,9.91015625,9.29296875,168.328125,210.52734375,598.64453125
8.28125,9.578125,9.859375,9.234375,171.38671875,208.7890625,669.3671875
8.36328125,9.6171875,10.015625,9.2109375,164.16796875,212.20703125,599.05859375
8.359375,9.56640625,9.90234375,9.34375,166.1640625,221.96875,659.39453125
8.2890625,9.58203125,10.00390625,11.3125,172.22265625,209.37109375,665.00390625
8.28125,9.61328125,9.91015625,9.328125,167.4453125,214.81640625,658.46484375
8.3359375,9.64453125,9.91796875,9.21875,185.0625,218.546875,656.921875
8.33203125,9.5859375,9.9375,9.21875,172.140625,209.75,656.96875
8.4140625,9.5859375,9.96875,9.13671875,174.0390625,211.11328125,664.0
8.328125,9.61328125,9.9453125,9.28125,178.625,210.80078125,667.1328125
8.3671875,9.60546875,9.9296875,9.26953125,167.2421875,212.9921875,666.3359375
8.41015625,9.56640625,9.9453125,9.24609375,172.703125,210.56640625,604.37890625
8.3671875,9.59375,9.83203125,9.30078125,172.91015625,209.86328125,600.8984375
8.28515625,9.5390625,9.875,9.28125,167.32421875,209.296875,607.0625
8.2890625,9.5625,9.953125,9.20703125,182.19921875,211.0,663.90234375
8.30078125,9.51953125,9.953125,9.296875,165.390625,213.28515625,659.58984375
8.30859375,9.625,9.9765625,9.26953125,165.7421875,206.8515625,666.02734375
8.36328125,9.6171875,9.94140625,9.3515625,171.40625,212.4296875,598.13671875
8.296875,9.59765625,9.93359375,9.25390625,172.94140625,208.37109375,664.50390625
8.3046875,9.5546875,9.9453125,9.3515625,170.6015625,211.44921875,661.80859375
8.30859375,9.54296875,9.859375,9.2734375,164.5546875,206.0390625,658.19921875
8.3828125,9.59765625,9.921875,9.31640625,168.4296875,212.66015625,598.59765625
8.2734375,9.6328125,9.92578125,9.22265625,168.8828125,206.3984375,653.89453125
8.3671875,9.5078125,9.921875,9.296875,171.94140625,204.22265625,662.0625
8.32421875,9.59765625,9.9296875,11.28515625,165.98046875,207.6953125,659.08984375
8.2890625,9.68359375,9.9609375,9.26953125,169.8203125,218.1328125,601.4140625
8.30859375,9.54296875,9.9765625,9.3046875,167.03515625,216.87109375,596.83203125
8.37109375,9.55859375,9.94140625,9.28515625,168.5546875,210.44921875,681.40234375
8.3671875,9.65234375,9.91015625,9.1875,166.7421875,211.12890625,603.0703125
8.37890625,9.5859375,9.96875,9.3046875,165.70703125,204.765625,660.88671875
8.43359375,9.625,9.9296875,9.25,171.109375,211.5703125,659.29296875
8.375,9.50390625,9.86328125,9.29296875,163.09765625,222.26171875,665.9140625
8.28515625,9.546875,9.98046875,9.30078125,165.265625,214.6953125,618.69140625
8.37109375,9.60546875,9.86328125,9.26953125,164.37890625,220.9140625,602.328125
8.4609375,9.58203125,9.9375,9.2265625,165.0078125,211.6484375,659.01953125
8.2734375,9.59765625,9.875,9.20703125,168.42578125,217.09375,659.04296875
8.31640625,9.55078125,9.87890625,9.29296875,178.01953125,216.890625,660.18359375
8.32421875,9.546875,9.97265625,9.33203125,167.87109375,208.78125,662.85546875
8.30859375,9.58984375,9.93359375,9.30859375,175.26953125,210.03125,658.75
8.48828125,9.6171875,9.8984375,9.203125,169.9296875,219.3515625,656.703125
8.35546875,9.5625,9.89453125,9.30859375,164.3984375,212.42578125,602.3984375
8.328125,9.57421875,9.9296875,9.234375,164.33984375,216.26171875,661.34375
8.2890625,9.5703125,9.93359375,9.2890625,174.515625,212.78515625,661.0390625
8.328125,9.6171875,9.953125,9.37890625,167.515625,214.71875,617.76953125
8.2578125,9.625,9.93359375,9.19140625,180.7421875,204.4921875,667.73828125
8.3671875,9.609375,9.890625,9.33203125,172.04296875,207.29296875,657.98046875
8.3828125,9.6171875,9.953125,9.32421875,168.09375,214.31640625,658.2265625
8.29296875,9.5703125,9.97265625,9.29296875,170.65625,216.22265625,603.31640625
8.31640625,9.578125,9.921875,9.2734375,176.7109375,214.6640625,592.984375
8.25,9.60546875,9.93359375,9.265625,166.47265625,208.54296875,630.2890625
8.3359375,9.62890625,9.90625,9.20703125,165.35546875,216.21484375,657.10546875
8.31640625,9.57421875,9.9296875,9.21484375,161.65234375,212.3828125,605.91796875
8.015625,9.5859375,9.9375,9.2890625,167.29296875,207.53515625,656.88671875
8.37890625,9.5703125,9.89453125,9.3359375,180.84375,219.3359375,657.90625
8.390625,9.53515625,9.94921875,9.30859375,167.23828125,206.26953125,598.62109375
8.3046875,9.6015625,9.9765625,9.3203125,181.375,213.0859375,667.12890625
8.35546875,9.5859375,9.89453125,9.21875,170.9609375,208.41015625,667.59375
8.390625,9.625,9.8984375,9.3046875,175.0859375,214.01953125,661.60546875
8.3828125,9.55859375,9.89453125,9.30078125,168.53515625,202.59765625,663.98046875
8.37890625,9.58203125,9.91796875,9.19921875,172.80859375,215.36328125,658.5390625
8.4140625,9.5546875,9.86328125,9.28515625,166.05078125,211.30859375,657.04296875
8.28125,9.62109375,9.96875,9.3046875,172.3203125,207.89453125,600.4765625
8.32421875,9.5546875,9.87109375,9.3046875,168.64453125,211.12890625,659.9765625
8.47265625,9.61328125,9.828125,9.3046875,173.140625,209.8671875,595.9375
8.33984375,9.5703125,10.01953125,9.30078125,171.359375,211.53125,656.84375
8.328125,9.61328125,9.90625,9.3125,170.73046875,215.0625,658.578125
8.3828125,9.63671875,9.95703125,9.27734375,170.15625,207.25390625,666.4296875
8.3125,11.65234375,9.8515625,9.2890625,171.39453125,210.30078125,659.921875
8.31640625,9.47265625,9.98046875,9.28125,166.08203125,212.6015625,662.359375
8.28515625,9.578125,9.86328125,9.19140625,177.2578125,205.91796875,595.12890625
8.37890625,9.69140625,9.97265625,9.33984375,175.734375,210.55078125,631.55078125
8.3046875,11.578125,9.86328125,9.375,170.41015625,211.5546875,597.8203125
8.4375,9.625,9.9140625,9.1953125,170.109375,212.8671875,657.11328125
8.06640625,9.5859375,9.953125,9.25,170.9921875,211.58984375,618.40625
8.265625,9.6015625,9.9375,9.2890625,164.80859375,204.7421875,600.0078125
8.359375,9.59375,9.86328125,9.2265625,165.60546875,207.0078125,626.38671875
8.37109375,9.578125,9.95703125,9.33984375,167.08203125,212.22265625,599.56640625
8.2890625,9.53515625,9.8984375,9.26953125,167.2578125,216.29296875,598.4921875
8.12109375,9.51953125,9.9140625,9.296875,172.43359375,209.62109375,636.92578125
8.3203125,9.55078125,10.0,9.29296875,166.359375,222.4296875,606.41015625
8.33203125,9.546875,9.90234375,9.15234375,178.1953125,213.359375,684.87109375
8.27734375,9.578125,10.0078125,9.328125,175.359375,212.09375,663.19921875
8.328125,9.609375,9.9765625,11.32421875,176.5390625,210.2890625,663.47265625
8.3359375,9.5703125,9.94140625,9.23046875,165.375,212.07421875,602.98828125
8.37109375,9.58203125,9.9453125,9.24609375,172.37890625,210.00390625,661.30859375
8.3046875,9.5703125,9.98046875,9.32421875,174.453125,211.83984375,594.05859375
8.296875,9.6484375,9.90625,9.26171875,179.171875,213.625,660.4296875
8.3125,9.58203125,9.97265625,9.27734375,172.11328125,210.0546875,631.53125
8.0703125,11.609375,9.93359375,9.3046875,169.09765625,219.85546875,663.35546875
8.2890625,9.578125,9.890625,9.33984375,173.96484375,207.671875,596.0625
8.37890625,9.609375,9.8984375,9.29296875,173.1484375,213.21875,601.47265625
8.28515625,9.609375,9.88671875,9.3515625,167.89453125,209.27734375,659.359375
8.3203125,9.5703125,9.95703125,9.29296875,165.58203125,212.98828125,659.53125
8.3203125,9.6015625,9.9375,9.27734375,169.1171875,212.140625,601.96875
8.2421875,9.64453125,9.9140625,9.27734375,167.546875,214.30078125,658.546875
8.10546875,9.609375,10.00390625,9.234375,169.75390625,216.1015625,669.51171875
8.30859375,9.56640625,9.9140625,9.27734375,175.3984375,203.41796875,657.01953125
8.28125,11.59375,9.92578125,9.34765625,174.26171875,207.02734375,660.67578125
8.28125,9.58984375,9.9765625,9.3125,169.80078125,212.484375,663.64453125
8.359375,9.625,9.88671875,9.359375,168.390625,213.390625,659.52734375
8.36328125,9.5625,9.953125,9.28125,168.08984375,215.1796875,665.60546875
8.35546875,9.5546875,9.953125,9.26953125,170.34765625,218.2421875,658.2890625
8.32421875,9.55078125,9.93359375,9.23828125,168.01953125,216.2890625,657.80078125
8.29296875,9.609375,9.90234375,9.29296875,173.4921875,208.94140625,654.98046875
8.2734375,9.58203125,9.9296875,9.2890625,169.515625,211.26171875,685.34765625
8.3046875,9.62109375,9.87890625,9.23046875,165.6171875,212.80859375,652.4453125
8.2734375,9.51171875,9.8828125,9.32421875,174.640625,219.328125,662.40234375
8.35546875,9.515625,10.0,9.23828125,165.0546875,209.37890625,597.125
8.2890625,9.578125,9.96875,9.29296875,170.328125,216.05859375,658.25390625
8.359375,9.5234375,9.9765625,9.3125,169.3125,219.7734375,636.6171875
8.2890625,9.58984375,9.9140625,9.3046875,167.90625,202.13671875,663.62890625
8.30859375,9.609375,9.9453125,9.359375,168.3984375,211.26171875,599.5078125
8.1953125,9.55078125,9.91015625,9.203125,167.36328125,216.52734375,658.015625
8.3828125,9.52734375,9.9296875,9.19921875,170.46875,212.953125,662.3203125
8.359375,9.546875,9.9453125,9.296875,171.75390625,211.6171875,657.859375
8.01953125,9.53125,9.94140625,9.3125,165.859375,213.8828125,656.5859375
8.29296875,9.58203125,9.953125,9.31640625,169.265625,207.99609375,598.5625
8.359375,9.5,9.99609375,9.3125,169.49609375,212.09375,667.734375
8.359375,9.5703125,9.95703125,9.359375,171.4765625,204.20703125,666.58984375
8.28515625,9.54296875,10.0078125,9.3125,175.765625,212.8125,659.0390625
8.29296875,9.58984375,9.83203125,9.21875,177.65625,213.5078125,636.64453125
8.19921875,9.5703125,9.94140625,9.3125,169.5546875,206.296875,658.3203125
8.328125,9.67578125,9.95703125,9.296875,172.65625,201.83203125,666.69140625
8.29296875,9.62890625,9.91796875,9.30859375,170.41015625,219.35546875,607.21484375
8.28125,9.62890625,10.02734375,9.328125,179.328125,212.92578125,606.02734375
8.3671875,9.58203125,9.94921875,9.2890625,172.31640625,211.31640625,593.8203125
8.30859375,9.59375,9.9765625,9.29296875,171.9609375,204.03515625,657.546875
8.34375,9.6171875,9.9453125,9.2578125,168.92578125,207.55078125,666.41796875
8.28125,9.546875,9.8671875,9.3125,164.33203125,210.69921875,663.484375
8.328125,9.5546875,9.96484375,9.22265625,168.1640625,206.90625,670.48828125
8.35546875,9.5390625,9.90625,9.26953125,168.4296875,205.96875,659.3125
8.2734375,9.56640625,10.0078125,9.30078125,169.36328125,206.00390625,656.1484375
8.2734375,9.56640625,9.85546875,11.28125,168.734375,208.21875,661.28125
8.28125,9.61328125,9.88671875,9.30078125,169.97265625,205.67578125,664.23046875
8.28125,9.57421875,9.8359375,9.30078125,171.21484375,210.91015625,603.51171875
8.2734375,9.5546875,9.9453125,9.33203125,171.765625,203.19921875,662.62890625
8.03515625,9.58203125,9.984375,9.22265625,170.75390625,217.01953125,661.19140625
8.37890625,9.52734375,9.91015625,11.3125,167.5,203.24609375,599.5625
8.26953125,9.5703125,9.93359375,9.25,173.25390625,211.125,657.46484375
8.28125,9.5390625,9.90234375,9.25390625,169.3515625,212.49609375,661.53125
8.3671875,9.62109375,9.8515625,9.22265625,165.5390625,211.57421875,635.13671875
8.359375,9.6171875,9.96484375,9.38671875,172.0859375,209.3828125,594.765625
8.36328125,9.55078125,9.9609375,9.30078125,178.8125,214.8046875,660.14453125
8.328125,9.5078125,9.9296875,9.30859375,171.171875,209.71484375,598.08984375
8.2890625,9.59375,9.91015625,9.28125,171.328125,212.69140625,598.7890625
8.30859375,9.5859375,9.984375,9.31640625,168.88671875,206.3203125,657.19921875
8.3671875,9.62109375,9.97265625,9.13671875,169.89453125,208.26171875,662.953125
8.36328125,9.5703125,11.91796875,9.35546875,169.14453125,213.97265625,654.55078125
8.44921875,9.66015625,9.9140625,9.34375,165.23828125,210.83984375,601.68359375
8.31640625,9.59765625,9.9296875,9.34765625,171.46875,213.45703125,597.0
8.37109375,9.53125,9.9140625,9.20703125,172.01171875,206.21875,603.8671875
8.32421875,9.609375,11.87109375,9.3203125,165.11328125,211.0,661.85546875
8.390625,9.5546875,9.9609375,9.23828125,168.05859375,211.3125,660.32421875
8.3125,9.625,10.0234375,9.26171875,171.9609375,203.69921875,657.2578125
8.35546875,9.640625,9.9375,9.3515625,174.0078125,217.79296875,658.55859375
8.44921875,9.5078125,11.92578125,9.29296875,169.6640625,211.52734375,663.40234375
8.078125,9.52734375,9.8828125,9.30859375,170.6875,210.7578125,662.01953125
8.29296875,9.66015625,9.95703125,9.23046875,165.73046875,214.45703125,665.28515625
8.359375,9.5859375,9.93359375,9.34375,176.71484375,214.14453125,655.09765625
8.3046875,9.58984375,9.98046875,9.2734375,173.24609375,210.03515625,594.91796875
8.32421875,9.63671875,9.91796875,9.29296875,169.2734375,218.4921875,658.16796875
8.31640625,9.6328125,9.98046875,9.26171875,173.1796875,213.69140625,666.8515625
8.3515625,9.58984375,9.97265625,9.2890625,171.9375,207.24609375,599.3984375
8.28515625,9.60546875,9.93359375,9.31640625,169.53125,210.7578125,656.26953125
8.36328125,9.578125,9.9296875,9.32421875,167.53125,210.12109375,656.38671875
8.35546875,9.5546875,9.91015625,9.3203125,173.796875,210.140625,663.671875
8.3125,9.61328125,9.95703125,9.2734375,168.84375,217.7421875,656.33984375
8.37890625,9.5625,9.96875,9.234375,167.85546875,212.72265625,664.30859375
8.3203125,9.609375,9.953125,9.3125,168.47265625,215.421875,595.3828125
8.3203125,9.55078125,9.84765625,9.3359375,168.046875,213.45703125,598.2109375
8.3828125,9.5859375,9.9609375,9.265625,169.98046875,213.296875,659.6015625
8.35546875,9.57421875,9.890625,9.234375,170.4375,213.61328125,655.8359375
8.36328125,9.6328125,9.90625,9.26171875,166.29296875,212.41796875,666.72265625
8.2734375,9.6875,9.91796875,9.3515625,172.6484375,223.484375,600.09765625
8.39453125,9.65234375,9.8828125,9.2421875,178.578125,207.94140625,655.45703125
8.29296875,9.67578125,10.0078125,9.3046875,170.015625,213.61328125,662.37890625
8.33203125,9.61328125,9.87890625,9.30078125,166.30859375,212.64453125,669.03125
8.296875,9.52734375,9.8671875,9.30859375,172.13671875,210.3515625,665.6796875
8.3671875,9.5078125,9.921875,9.265625,169.109375,216.6796875,681.48828125
8.03515625,9.56640625,9.96484375,9.359375,172.8515625,216.87890625,658.6796875
8.3125,9.5234375,9.921875,9.35546875,163.46875,205.06640625,664.78125
8.2890625,9.5078125,9.96484375,11.2421875,166.5703125,203.890625,602.19140625
8.37890625,9.5703125,9.92578125,9.30859375,165.75390625,209.8984375,595.50390625
8.3203125,9.64453125,9.96484375,9.37890625,169.43359375,204.8515625,669.0
8.359375,9.578125,9.96484375,9.20703125,173.84375,211.65625,660.0859375
8.43359375,11.6171875,9.84765625,9.2734375,173.47265625,215.24609375,676.3984375
8.3203125,9.6875,9.921875,9.29296875,170.43359375,211.81640625,634.32421875
8.42578125,9.57421875,10.0078125,9.23828125,171.296875,213.4453125,611.51171875
8.515625,9.625,11.859375,9.25390625,166.515625,207.60546875,663.2890625
8.46484375,9.58984375,9.91796875,9.234375,168.11328125,219.29296875,661.70703125
8.2734375,9.640625,9.93359375,9.27734375,168.73046875,211.1796875,597.2578125
8.3046875,11.60546875,9.953125,9.359375,171.23046875,208.90234375,627.58203125
8.05859375,9.5859375,9.91796875,9.2734375,170.3203125,209.5,664.41015625
8.296875,9.56640625,9.94921875,9.34765625,168.05078125,212.88671875,665.328125
8.3046875,9.578125,10.0078125,9.34375,166.7890625,214.44140625,662.74609375
8.359375,9.61328125,9.85546875,9.35546875,168.69140625,209.59765625,664.03515625
8.421875,9.515625,9.9296875,9.21484375,167.4296875,211.7109375,660.34765625
8.31640625,9.56640625,9.9453125,9.23046875,165.5,211.22265625,663.3203125
8.2734375,9.546875,9.93359375,9.3125,163.9765625,210.0859375,610.52734375
8.359375,9.5625,9.8828125,9.28125,164.51171875,210.140625,656.546875
8.36328125,9.51171875,9.8828125,9.203125,174.52734375,203.88671875,661.5234375
8.19921875,9.66796875,9.91015625,9.20703125,173.84765625,210.78515625,666.2109375
8.30859375,9.60546875,9.9375,9.18359375,171.15234375,221.1796875,601.32421875
8.328125,9.58984375,9.91796875,9.3046875,163.9375,213.1875,659.88671875
8.359375,9.58984375,9.91796875,9.32421875,171.875,214.57421875,662.41015625
8.43359375,9.6171875,10.00390625,9.26953125,169.3125,209.67578125,608.66015625
8.28125,9.55859375,9.8984375,9.31640625,169.40625,209.140625,627.625
8.3515625,9.53125,9.98046875,9.3046875,164.18359375,209.05859375,659.1171875
8.30859375,9.609375,10.02734375,9.34765625,169.73046875,205.04296875,619.13671875
8.32421875,9.57421875,10.02734375,9.2421875,173.2890625,209.78515625,659.375
8.30859375,9.53125,9.92578125,9.3359375,174.2890625,211.9140625,602.87109375
8.32421875,9.58984375,9.875,9.3125,169.53125,214.51171875,684.62890625
8.390625,9.578125,9.9296875,9.19921875,165.16015625,213.8984375,630.98046875
8.3203125,9.62890625,9.9140625,9.2890625,164.40625,216.515625,599.296875
8.265625,9.5859375,9.85546875,9.24609375,171.98828125,213.03125,627.98828125
8.31640625,9.5859375,9.9609375,9.296875,169.30859375,204.73828125,657.58984375
8.32421875,9.62109375,9.93359375,9.2890625,165.265625,204.6953125,659.390625
8.44140625,9.6484375,9.96484375,11.26171875,171.7890625,212.4375,669.95703125
8.33203125,9.6796875,10.00390625,9.28515625,166.71875,206.51171875,662.23046875
8.30078125,9.6328125,9.8359375,9.2734375,167.69921875,209.8671875,610.54296875
8.2890625,9.515625,9.8515625,9.26171875,169.18359375,206.6875,654.4609375
8.3671875,9.6015625,9.84375,9.30078125,169.640625,208.8984375,659.10546875
8.31640625,9.50390625,9.921875,9.359375,170.97265625,217.921875,665.86328125
8.328125,9.578125,11.90625,9.328125,167.09765625,206.94921875,660.87890625
8.36328125,9.59765625,9.83203125,9.21875,170.98046875,202.18359375,629.671875
8.1015625,9.6171875,9.9140625,9.26953125,163.828125,214.72265625,654.00390625
8.28125,9.60546875,9.86328125,9.3046875,167.640625,214.71875,655.34765625
8.3046875,9.64453125,9.94140625,9.2734375,172.11328125,216.42578125,640.484375
8.28515625,9.625,9.91796875,11.1875,172.6015625,206.32421875,653.62890625
8.359375,9.5859375,9.94921875,9.21875,164.328125,216.7109375,666.75390625
8.30859375,9.58984375,10.015625,9.2890625,165.859375,212.96484375,667.71484375
8.32421875,9.65234375,9.9375,9.31640625,165.48828125,208.20703125,665.71484375
8.36328125,9.515625,9.9609375,9.3359375,172.02734375,215.6328125,667.25390625
8.32421875,9.64453125,9.953125,9.234375,166.55859375,209.4453125,661.6171875
8.3125,9.56640625,9.90234375,9.296875,171.109375,212.3828125,623.328125
8.32421875,9.62109375,9.875,9.26953125,172.0,214.65234375,606.34765625
8.26953125,9.6328125,9.92578125,9.32421875,171.9296875,204.74609375,632.01171875
8.27734375,9.5546875,9.90625,9.28125,170.78515625,208.4140625,668.48828125
8.4921875,9.5078125,9.9453125,9.296875,164.13671875,204.41796875,681.421875
8.3125,9.51171875,9.953125,9.296875,170.15625,211.5078125,595.54296875
8.3046875,9.58984375,9.9453125,9.17578125,178.34765625,212.72265625,660.5703125
8.0546875,9.6171875,9.94140625,9.28125,167.84765625,207.1875,662.5703125
8.30859375,9.60546875,10.0078125,9.2578125,165.3828125,222.29296875,661.63671875
8.2734375,9.58203125,9.95703125,9.28515625,164.48828125,212.3359375,681.30078125
8.32421875,9.64453125,9.90625,9.359375,171.47265625,209.1484375,662.85546875
8.27734375,9.57421875,9.953125,9.234375,168.5,201.76953125,657.57421875
8.32421875,9.49609375,9.9453125,9.296875,167.453125,211.12109375,657.62890625
8.2734375,9.578125,9.98828125,9.30078125,167.39453125,212.1015625,657.51953125
8.3046875,9.58984375,9.98046875,9.296875,170.5546875,212.1015625,664.35546875
8.2734375,9.5078125,9.91015625,9.23828125,171.48828125,210.16796875,665.25
8.26953125,9.625,9.84375,9.28515625,172.19921875,210.6796875,655.6015625
8.328125,9.55078125,9.9296875,9.27734375,169.29296875,204.65234375,658.421875
8.27734375,9.63671875,9.85546875,9.18359375,171.0703125,208.85546875,659.51171875
8.27734375,9.6015625,9.85546875,9.2890625,166.6796875,213.08203125,663.45703125
8.35546875,9.640625,9.93359375,9.30859375,165.5859375,203.671875,682.62890625
8.375,9.6015625,9.8671875,9.2109375,165.56640625,207.5625,655.90234375
8.29296875,9.59765625,9.953125,9.28125,178.43359375,211.47265625,602.546875
8.30859375,9.59765625,9.84375,9.30859375,170.9453125,203.81640625,660.84765625
8.35546875,9.58984375,9.9453125,9.19140625,170.24609375,209.2265625,596.359375
8.3125,9.52734375,9.98046875,9.30078125,167.77734375,219.09375,661.4140625
8.33203125,9.53125,9.98046875,9.25,168.296875,208.1171875,655.65234375
8.33203125,9.546875,10.01953125,9.32421875,168.40625,213.70703125,631.02734375
8.3046875,9.51171875,9.92578125,9.328125,171.93359375,210.59375,663.22265625
8.3125,9.51171875,9.96875,9.21875,167.08203125,216.3984375,657.890625
8.359375,9.62109375,9.8671875,9.3203125,163.21484375,208.16015625,654.6796875
8.28125,9.5,9.9921875,9.21484375,178.890625,216.97265625,667.75
8.3203125,9.60546875,9.90234375,9.2734375,179.01953125,208.0234375,669.28125
8.2890625,9.61328125,9.859375,9.28515625,167.2890625,207.1015625,662.28125
8.33203125,9.5703125,9.94140625,9.30859375,170.765625,210.71875,600.828125
8.33203125,9.6875,9.9921875,11.29296875,174.22265625,207.71875,629.1796875
8.37109375,9.609375,9.91015625,9.30078125,167.84375,203.7890625,684.01171875
8.2890625,9.625,9.921875,9.3828125,167.16015625,214.5,663.64453125
8.3203125,9.6484375,9.88671875,9.19921875,169.4765625,210.8828125,680.8046875
8.27734375,9.62890625,10.01953125,9.28125,170.46875,211.4375,663.35546875
8.35546875,9.6015625,9.89453125,9.3046875,165.9375,209.58984375,667.1015625
8.3203125,9.59375,9.88671875,9.24609375,162.61328125,206.91796875,663.4609375
8.31640625,9.48828125,9.859375,9.30078125,165.859375,209.296875,665.9140625
8.27734375,9.5546875,9.97265625,9.2890625,167.609375,213.0,636.421875
8.2734375,9.60546875,9.88671875,9.3125,168.98046875,209.83984375,663.13671875
8.30859375,9.59765625,9.91015625,9.28515625,169.9609375,208.10546875,602.5
8.35546875,9.625,9.9140625,9.234375,172.890625,203.10546875,667.2421875
8.28515625,9.546875,9.9453125,9.1875,167.8828125,211.6875,657.98046875
8.1015625,9.578125,9.90625,9.33203125,168.97265625,222.86328125,665.15234375
8.36328125,11.60546875,9.94921875,9.28125,175.63671875,220.37109375,604.12890625
8.3125,9.515625,9.90625,9.28125,169.38671875,212.20703125,662.12890625
8.30859375,9.5703125,9.91796875,9.26953125,164.6953125,206.69140625,601.48046875
8.35546875,9.5546875,9.96484375,9.33984375,168.06640625,212.078125,665.80078125
8.2734375,9.57421875,9.94140625,9.3359375,163.21484375,208.0078125,654.69921875
8.4921875,9.640625,9.86328125,9.375,166.8828125,211.73828125,654.828125
8.35546875,9.578125,9.94921875,9.22265625,168.40234375,206.12890625,665.8671875
8.3125,9.61328125,9.8984375,9.27734375,168.625,209.48046875,623.8125
8.32421875,9.671875,9.9921875,9.203125,167.62109375,205.32421875,657.34765625
8.30859375,9.5546875,9.9375,9.2109375,168.7734375,220.12109375,658.65625
8.0546875,9.578125,9.984375,9.3046875,170.265625,211.78515625,665.50390625
8.29296875,9.55078125,9.91015625,9.2109375,172.37109375,217.359375,660.3359375
8.30859375,9.59375,9.9140625,9.28125,182.14453125,211.42578125,660.5234375
8.32421875,9.578125,9.921875,9.3203125,170.53515625,214.8671875,662.2734375
8.37890625,9.546875,9.8671875,9.375,164.35546875,207.44921875,665.08203125
8.29296875,9.609375,9.9765625,9.2890625,168.36328125,210.25,655.76171875
8.31640625,9.59375,9.94921875,9.1875,167.984375,213.45703125,657.25
8.3828125,9.640625,9.89453125,9.22265625,167.125,208.80078125,598.4609375
8.359375,9.6640625,9.9296875,9.2578125,170.68359375,211.65234375,606.51171875
8.42578125,9.49609375,9.984375,9.2265625,174.9453125,212.28125,666.4296875
8.35546875,9.58203125,9.87109375,9.33203125,168.45703125,209.53515625,601.078125
8.35546875,9.62890625,9.91015625,9.296875,175.38671875,212.47265625,655.7890625
8.2734375,9.546875,9.9140625,9.2890625,166.921875,201.859375,616.0
8.3203125,9.59375,9.90234375,9.29296875,169.08984375,209.3515625,655.625
8.2734375,9.578125,9.90234375,9.32421875,172.86328125,203.98046875,599.9921875
8.28515625,9.63671875,9.90234375,9.3359375,168.27734375,207.34375,661.56640625
8.28125,9.64453125,9.9296875,9.28125,170.01953125,210.109375,660.31640625
8.1796875,9.5546875,9.86328125,9.375,170.69921875,210.40625,665.484375
8.30078125,9.65625,9.890625,9.3046875,174.16015625,210.45703125,673.8125
8.328125,9.56640625,9.99609375,9.33203125,171.40234375,214.66796875,656.26171875
8.328125,9.57421875,10.01953125,9.2890625,178.4375,210.578125,661.41796875
8.3046875,9.54296875,9.99609375,9.265625,167.6015625,207.99609375,671.72265625
8.28125,9.58984375,9.94140625,9.3203125,168.71484375,206.78125,667.87890625
8.03515625,9.625,9.9453125,9.3046875,170.95703125,212.7109375,611.02734375
8.2890625,9.61328125,9.94140625,9.30078125,166.84375,207.7421875,664.3359375
8.2578125,9.6953125,9.84765625,9.26171875,165.7421875,213.55078125,663.0625
8.28125,9.6015625,9.96484375,9.34765625,169.56640625,216.17578125,657.4296875
8.44140625,9.578125,9.96875,9.3359375,169.52734375,206.35546875,664.80859375
8.3125,9.56640625,9.92578125,9.265625,173.4375,211.1328125,659.84375
8.203125,9.640625,9.94921875,9.18359375,168.51953125,214.91796875,659.5390625
8.296875,9.63671875,9.93359375,9.234375,174.8515625,219.49609375,608.15625
8.2734375,9.6015625,9.98828125,9.27734375,174.76171875,209.27734375,595.71875
8.28125,9.52734375,9.9765625,9.29296875,166.94921875,213.5703125,661.3125
8.29296875,9.65234375,9.97265625,9.3203125,169.5078125,216.36328125,663.83984375
8.33203125,9.59375,10.01953125,9.3203125,166.42578125,214.05078125,663.19140625
8.25,9.5625,9.9921875,9.265625,166.328125,211.3203125,594.82421875
8.2734375,9.5546875,9.94921875,9.27734375,171.17578125,206.0859375,599.97265625
8.30859375,9.51171875,9.90234375,9.29296875,177.5078125,211.046875,663.671875
8.28515625,9.53125,9.87109375,9.32421875,173.98046875,201.96484375,681.8359375
8.33203125,9.5703125,9.97265625,9.21484375,166.87890625,212.265625,658.1015625
8.3359375,9.52734375,9.9375,9.35546875,163.6953125,207.66015625,657.953125
8.2734375,9.63671875,10.01171875,9.296875,171.7734375,219.44140625,657.38671875
8.30859375,9.55859375,9.96484375,9.28515625,169.26171875,209.953125,633.1796875
8.21875,9.66796875,9.92578125,9.2890625,172.046875,211.35546875,659.86328125
8.3203125,9.58984375,9.84375,9.296875,166.19140625,204.51171875,600.0859375
8.3125,9.5625,9.9140625,9.234375,177.0390625,210.1015625,655.30078125
8.3671875,9.5234375,9.9453125,9.1953125,166.25390625,209.98828125,661.18359375
8.359375,9.58203125,10.015625,9.30859375,170.97265625,219.828125,660.5
8.3359375,9.58203125,9.8671875,9.2734375,161.37109375,204.59375,590.65234375
8.3671875,9.65625,9.90625,9.30859375,176.3359375,215.890625,669.80859375
8.16015625,9.609375,9.953125,9.296875,168.8125,208.3359375,661.4609375
8.2734375,9.58984375,9.9375,9.1875,169.4296875,204.51171875,601.32421875
8.296875,9.57421875,9.92578125,9.23828125,183.86328125,214.3984375,668.875
8.28125,9.5234375,9.90234375,9.30859375,167.69921875,210.25390625,663.05078125
8.296875,9.58984375,9.94140625,9.34765625,172.06640625,213.1796875,654.73828125
8.30859375,9.5859375,9.94140625,9.19140625,172.296875,216.68359375,662.6953125
8.3125,9.62109375,9.90625,9.27734375,163.19921875,207.4453125,657.03125
8.328125,9.58984375,9.91796875,9.26953125,175.52734375,207.82421875,630.83203125
8.296875,9.609375,9.9921875,9.2734375,169.0390625,205.2265625,663.01171875
8.34375,9.58203125,9.9375,9.3203125,169.90625,209.30859375,659.453125
8.43359375,9.55859375,9.92578125,9.29296875,166.87109375,215.6015625,664.015625
8.3828125,9.5703125,11.98046875,9.30859375,167.203125,214.48046875,660.578125
8.33203125,9.51953125,9.953125,9.21484375,173.05078125,209.7734375,663.43359375
8.359375,9.6875,9.9453125,9.26171875,173.08984375,216.4453125,661.71875
8.30859375,9.6015625,9.91015625,9.2578125,172.10546875,205.8125,656.3828125
8.28515625,9.60546875,9.9453125,9.24609375,175.8671875,218.94921875,663.4609375
8.2734375,9.56640625,9.9296875,9.27734375,172.140625,210.79296875,666.5
8.3046875,9.61328125,9.91015625,9.3203125,165.91015625,210.4453125,662.71484375
8.3359375,9.5703125,9.9921875,9.26171875,170.5390625,216.953125,669.04296875
8.32421875,11.5546875,9.91015625,9.23828125,171.91015625,213.44921875,661.8984375
8.35546875,9.56640625,9.953125,9.31640625,172.3125,211.31640625,597.77734375
8.27734375,9.49609375,9.9296875,9.328125,168.828125,207.0078125,663.31640625
8.3203125,9.58984375,9.94140625,9.2890625,173.4453125,208.41796875,639.0625
8.3203125,9.515625,9.9921875,9.2890625,171.4140625,211.109375,663.4140625
8.359375,9.55859375,9.9375,9.30078125,168.27734375,223.2578125,653.140625
8.30078125,9.65234375,9.93359375,9.28125,168.57421875,206.36328125,610.54296875
8.28125,9.59765625,9.984375,9.24609375,169.62109375,211.92578125,654.44140625
8.28125,9.59375,9.9296875,9.26953125,168.91796875,206.40625,662.6171875
8.12109375,9.62890625,9.9140625,9.2734375,174.921875,211.07421875,661.9453125
8.109375,9.640625,9.90234375,9.2109375,167.296875,208.875,596.55859375
8.2890625,9.55078125,9.9375,9.328125,166.0390625,206.41015625,656.6875
8.31640625,9.6484375,9.96875,9.30859375,165.515625,219.0078125,659.95703125
8.33203125,9.6484375,9.96875,9.2421875,175.48828125,219.30078125,658.41796875
8.2734375,9.578125,9.94921875,9.2890625,168.296875,210.22265625,666.0234375
8.28515625,9.61328125,9.97265625,9.35546875,164.75,208.16015625,658.921875
8.28125,9.62890625,9.96484375,9.37890625,170.9140625,208.734375,655.43359375
8.33203125,9.56640625,9.9375,9.28515625,169.5,211.984375,652.0703125
8.41015625,9.57421875,9.8828125,9.21875,166.31640625,215.125,600.79296875
8.3125,9.5859375,10.015625,9.296875,171.30078125,206.6484375,659.2734375
8.3046875,9.53125,9.875,9.28125,168.609375,219.1484375,657.6640625
8.29296875,9.640625,9.984375,11.23046875,171.01953125,210.6953125,663.07421875
8.015625,9.66796875,10.02734375,9.1953125,162.7734375,213.2578125,660.265625
8.29296875,9.64453125,9.96484375,9.29296875,168.421875,217.98828125,666.16796875
8.2734375,9.63671875,9.83984375,9.2421875,171.59375,200.5078125,659.6015625
8.30078125,9.57421875,10.0078125,9.21875,165.1796875,223.38671875,657.125
8.32421875,9.578125,9.9609375,9.3671875,164.59765625,209.21484375,667.96875
8.48046875,9.6328125,10.01171875,9.2578125,168.05078125,212.09765625,665.27734375
8.27734375,9.61328125,9.9453125,9.265625,170.08984375,208.27734375,659.421875
8.16796875,9.54296875,9.96484375,9.3359375,167.4140625,205.97265625,660.109375
8.296875,9.55078125,9.9921875,9.296875,166.39453125,211.59375,663.15234375
8.28125,9.58984375,9.87109375,9.27734375,169.87109375,208.14453125,634.7578125
8.32421875,9.61328125,10.0078125,9.33203125,164.52734375,206.390625,660.8671875
8.3515625,9.55078125,9.984375,9.3125,170.1640625,210.6875,667.0390625
8.1796875,9.62109375,9.9296875,9.328125,168.359375,213.4921875,661.28125
8.32421875,9.48828125,9.9609375,9.265625,165.78515625,213.7109375,660.703125
8.28125,9.62890625,9.8984375,9.20703125,166.84375,215.171875,659.43359375
8.28125,9.61328125,9.87109375,9.3046875,172.0859375,216.54296875,662.48828125
8.27734375,9.578125,9.953125,9.22265625,170.171875,214.33203125,656.32421875
8.421875,9.55859375,9.8359375,9.296875,170.95703125,206.97265625,659.90625
8.31640625,9.6328125,9.921875,9.32421875,169.75,211.6875,610.1171875
8.328125,9.68359375,9.92578125,9.296875,172.50390625,213.3125,588.16015625
8.34765625,9.578125,9.8828125,9.3046875,168.86328125,205.81640625,659.66015625
8.3125,9.54296875,9.8359375,9.33984375,178.75390625,210.359375,662.1875
8.26171875,9.4765625,9.87890625,9.265625,171.68359375,207.65625,665.96875
8.37890625,9.6484375,9.94921875,9.2578125,167.328125,209.10546875,658.43359375
8.328125,9.65625,9.96875,9.2265625,171.9921875,211.0390625,631.015625
8.359375,9.63671875,9.9453125,9.2265625,164.20703125,210.23046875,666.62109375
8.203125,9.671875,9.9140625,9.328125,166.4453125,215.8984375,673.01171875
8.28125,9.5859375,9.875,9.3125,164.82421875,205.125,663.5
8.28515625,9.52734375,9.94921875,9.27734375,170.2421875,215.51953125,660.15234375
8.3125,9.6015625,9.94921875,9.23046875,171.890625,211.52734375,625.54296875
8.3046875,9.55078125,10.02734375,9.296875,163.85546875,209.51171875,658.734375
8.28125,9.6015625,9.8828125,9.30859375,167.2109375,216.8046875,600.68359375
8.35546875,9.62109375,9.94140625,9.3125,166.234375,213.1171875,635.7265625
8.296875,9.58984375,9.875,9.19921875,170.84375,219.7109375,627.76171875
8.29296875,9.6015625,9.91015625,9.29296875,168.671875,203.7421875,658.515625
8.328125,9.5625,11.921875,9.28515625,172.48046875,212.4609375,662.7890625
8.31640625,9.6328125,9.97265625,11.33203125,170.9765625,218.34765625,597.328125
8.3125,9.578125,9.9375,9.234375,170.96875,219.52734375,659.76171875
8.3203125,9.60546875,9.9453125,9.23828125,176.3984375,213.12890625,664.203125
8.35546875,9.62109375,9.9609375,9.30078125,169.80078125,214.98828125,662.625
8.28515625,9.62890625,9.90625,9.375,171.8046875,210.9140625,663.0703125
8.015625,9.62890625,9.890625,9.24609375,169.64453125,210.3828125,664.46875
8.3125,9.51953125,9.9140625,9.16015625,168.54296875,209.1796875,662.45703125
8.2890625,9.609375,9.94140625,9.3515625,167.59765625,216.8671875,655.25390625
8.328125,9.5546875,9.89453125,9.19921875,167.1953125,215.578125,602.18359375
8.35546875,9.5859375,9.9296875,9.3203125,167.921875,214.6015625,679.796875
8.359375,9.64453125,9.97265625,9.1953125,164.5,209.46875,667.9921875
8.02734375,9.53125,9.95703125,9.28515625,177.5390625,224.5234375,662.2734375
8.42578125,9.6171875,9.87109375,9.2109375,171.15234375,213.8828125,655.82421875
8.2734375,9.5078125,9.91015625,9.2421875,174.03125,208.1875,659.53515625
8.06640625,9.5625,9.83203125,9.3125,175.8203125,208.44921875,659.7421875
8.33203125,9.515625,10.0078125,9.32421875,167.765625,209.62109375,655.703125
8.29296875,9.59375,9.96484375,9.29296875,167.57421875,209.80859375,656.8828125
8.328125,9.57421875,9.88671875,9.26171875,167.2109375,208.6328125,661.48046875
8.33203125,9.58984375,10.00390625,9.34375,170.16796875,215.9296875,598.19140625
8.28125,9.58203125,9.90625,9.36328125,167.28515625,212.62890625,598.12109375
8.46484375,9.58984375,9.93359375,9.3125,168.859375,207.66796875,626.578125
8.37109375,9.625,9.95703125,9.328125,173.0859375,212.53125,600.34765625
8.2734375,9.53515625,9.859375,9.30859375,170.84765625,213.72265625,601.36328125
8.35546875,9.51953125,9.9375,9.2421875,166.10546875,209.82421875,660.8359375
8.3359375,9.66796875,9.859375,9.29296875,169.41015625,214.4765625,613.73046875
8.359375,9.57421875,9.9609375,9.296875,168.4921875,210.3046875,608.59765625
8.328125,9.484375,9.9140625,9.21484375,166.48046875,213.8203125,662.890625
8.37109375,9.5625,9.87890625,9.2578125,173.3515625,214.25390625,663.4921875
8.30859375,9.609375,9.91796875,9.30078125,168.09765625,210.921875,661.6328125
8.32421875,9.59375,11.91015625,9.28125,165.40234375,211.2109375,662.55859375
8.328125,9.59375,9.96484375,9.2890625,168.28125,208.62109375,662.9609375
8.37109375,9.6328125,10.02734375,9.26953125,185.3125,213.44921875,659.1015625
8.27734375,9.5703125,9.91015625,9.296875,171.7109375,214.2734375,668.97265625
8.27734375,9.5703125,9.97265625,9.21875,171.36328125,211.5234375,656.10546875
8.32421875,9.66015625,9.921875,9.3671875,168.03515625,214.9375,667.7265625
8.32421875,9.5859375,9.8359375,9.28125,168.6796875,203.11328125,617.99609375
8.29296875,9.578125,9.94921875,9.20703125,166.03125,211.16796875,597.1796875
8.32421875,9.58203125,9.95703125,9.2578125,172.1484375,204.3828125,664.46484375
8.35546875,9.515625,9.96484375,9.25390625,167.51171875,206.73828125,599.5625
8.28125,9.5546875,9.8515625,9.26953125,170.29296875,210.35546875,657.96875
8.33203125,9.5703125,9.86328125,9.3046875,169.47265625,219.359375,599.6796875
8.2734375,9.58203125,9.9765625,11.25,170.84765625,220.33203125,659.921875
8.359375,9.66015625,10.0078125,9.28125,171.734375,208.4375,598.20703125
8.30859375,9.578125,9.94921875,9.27734375,171.83203125,207.59375,657.4921875
8.30859375,9.65234375,9.97265625,9.22265625,168.453125,212.8046875,659.94921875
8.3828125,9.59375,9.921875,9.25,169.74609375,209.8671875,663.71875
